first_Name,last_Name,HomePhone,Street,City,State,Zipcode
Allison,Nguyen,6154385000,3155 19th St NW,Washington,DC,20010
SArah,Hankins,414-520-5000,2022 15th Street NW,Washington,DC,20009
Sarah,Xx,(941)979-2000,4175 3rd Street North,Saint Petersburg,FL,33703
David,Thomas,650-799-0000,9 garrison ave,Jersey City,NJ,7306
Chris,Sackett,613 565-4000,173 Daly Ave,Ottawa,ON,
Aya,Fuller,778.232.7000,2-1325 Barclay Street,Vancouver,BC,90210
Mary Kate,Curry,(202) 328 1000,1509 Jackson Street,Baltimore,MD,21230
Audrey,Hasegan,530-919-3000,1570 Old Ranch Rd.,Placerville,CA,95667
Shiyu,Armideo,8084974000,644 Ikemaka PL,Kailua,HI,96734
Eli,Zielke,858 405 3000,3024 Cranbrook Ct,La Jolla,CA,92037
Colin,Harmston,14018685000,34 blue heron drive,attleboro,MA,2703
Megan,Doe,315.450.6000,64 King Ave,Columbus,OH,43201
Meggie,Tippit,510 282 4000,28 Olive Ave.,Piedmont,CA,94611
Laura,Rapetsky,787-295-0000,Urb Monte Carlo c/15#1287,San Juan,PR,924
Paul,Fulghum,9.82,shohadaye sadeghiye,Tehran,YK,14517
Shannon,Warner,(603) 305-3000,186 Crooked S Road,Lyndeborough,NH,3082
Shannon,Davis,530-355-7000,Campion 1108 914 E. Jefferson,Seattle,WA,98122
Nash,Okaty,206-226-3000,914 E Jefferson ST,Seattle,WA,98122
Amanda,Hartzell,607-280-2000,3515 School St,Valois,NY,14841
